<?xml version="1.0" encoding="UTF-8"?>
<project-private xmlns="http://www.netbeans.org/ns/project-private/1">
    <editor-bookmarks xmlns="http://www.netbeans.org/ns/editor-bookmarks/2" lastBookmarkId="1"/>
    <open-files xmlns="http://www.netbeans.org/ns/projectui-open-files/2">
        <group>
            <file>file:/E:/EMERTXE/M4%20-%20Microcontroller/CBB.X/clear_log.c</file>
            <file>file:/E:/EMERTXE/M4%20-%20Microcontroller/CBB.X/main.h</file>
            <file>file:/E:/EMERTXE/M4%20-%20Microcontroller/CBB.X/ext_eeprom.h</file>
            <file>file:/E:/EMERTXE/M4%20-%20Microcontroller/CBB.X/ds1307.c</file>
            <file>file:/E:/EMERTXE/M4%20-%20Microcontroller/CBB.X/main.c</file>
            <file>file:/E:/EMERTXE/M4%20-%20Microcontroller/CBB.X/DASHBOARD.c</file>
            <file>file:/E:/EMERTXE/M4%20-%20Microcontroller/CBB.X/ext_eeprom.c</file>
        </group>
    </open-files>
</project-private>
